KEY ACCOUNT,2026W01,2026W02,2026W05,2026W07,2026W09,2026W10,2026W11,2026W12,2026W13,2026W14,2026W15,2026W16,2026W17,2026W18,2026W19,2026W23,2026W25,2026W26,2026W27,2026W29,合计
个人转介,89809.2,2390000.0,12000000.0,109200.08,0.0,120929.64,0.0,0.0,0.0,0.0,0.0,18813.6,0.0,4000000.0,8798.4,0.0,19720.0,0.0,0.0,0.0,18757270.919999998
懿丰家族,0.0,0.0,0.0,0.0,0.0,0.0,0.0,975000.0,0.0,0.0,0.0,0.0,390000.0,0.0,0.0,0.0,0.0,3900000.0,0.0,0.0,5265000.0
保险师,0.0,0.0,0.0,0.0,0.0,0.0,0.0,0.0,1800000.0,0.0,0.0,0.0,0.0,0.0,0.0,0.0,0.0,0.0,0.0,0.0,1800000.0
明德长青,0.0,0.0,390000.0,0.0,0.0,0.0,390000.0,78000.0,0.0,0.0,0.0,0.0,0.0,0.0,0.0,0.0,0.0,0.0,0.0,0.0,858000.0
总部职能,0.0,0.0,0.0,0.0,0.0,0.0,20016.89,68000.4,0.0,14905.8,15186.0,0.0,0.0,0.0,44748.6,78000.0,78000.0,0.0,226200.0,1988.0,547045.69
德约,0.0,0.0,46800.0,0.0,79800.0,0.0,234000.0,0.0,0.0,0.0,0.0,0.0,0.0,0.0,0.0,0.0,0.0,0.0,0.0,0.0,360600.0
虹霖贸易,0.0,0.0,0.0,0.0,0.0,0.0,0.0,78000.0,0.0,0.0,0.0,0.0,0.0,0.0,0.0,0.0,0.0,0.0,0.0,0.0,78000.0
励欧移民,0.0,0.0,0.0,0.0,0.0,0.0,0.0,0.0,0.0,0.0,0.0,0.0,0.0,0.0,0.0,0.0,0.0,0.0,27799.199999999997,0.0,27799.199999999997
合计,89809.2,2390000.0,12436800.0,109200.08,79800.0,120929.64,644016.89,1199000.4,1800000.0,14905.8,15186.0,18813.6,390000.0,4000000.0,53547.0,78000.0,97720.0,3900000.0,253999.2,1988.0,27693715.81
