KEY ACCOUNT,2026W02,2026W04,2026W05,2026W06,2026W08,2026W10,2026W11,2026W12,2026W13,2026W14,2026W17,2026W19,2026W23,2026W25,2026W27,2026W29,合计
个人转介,2,0,2,2,0,2,0,0,1,0,1,1,0,2,0,0,13.0
总部职能,0,0,0,0,0,1,0,1,0,2,0,2,1,1,1,2,11.0
德约,0,1,0,0,1,1,0,0,0,0,0,0,0,0,0,0,3.0
懿丰家族,0,0,0,0,0,0,0,1,0,0,1,0,0,1,0,0,3.0
明德长青,0,1,0,0,0,1,0,1,0,0,0,0,0,0,0,0,3.0
励欧移民,0,0,0,0,0,0,0,0,0,0,0,0,0,0,2,0,2.0
保险师,0,0,0,0,0,0,0,1,0,0,0,0,0,0,0,0,1.0
虹霖贸易,0,0,0,0,0,0,1,0,0,0,0,0,0,0,0,0,1.0
合计,2,2,2,2,1,5,1,4,1,2,2,3,1,4,3,2,37.0
