保单号,签单日,批核日,时效(天),牌照,KA,保司,产品,年期,APE,状态
611221282,2025-09-12,2026-05-14,244,众和恒富理财集团,迪岸,永明,永延保障计划,12,154206.0,生效
611208853,2025-10-21,2026-05-29,220,怡泰财富管理有限,民生银行,永明,永誉传承储蓄计划,1,1560000.0,生效
611222803,2025-11-17,2026-05-29,193,怡泰财富管理有限,民生银行,永明,永誉传承储蓄计划,1,1248000.0,生效
611203280,2025-07-14,2026-01-19,189,怡泰财富管理有限,民生银行,永明,万年青·卓金保险计划II,5,234000.0,生效
611203276,2025-10-22,2026-04-24,184,怡泰财富管理有限,民生银行,永明,永誉传承储蓄计划,1,1560000.0,生效
611203242,2025-10-28,2026-04-24,178,怡泰财富管理有限,民生银行,永明,永誉传承储蓄计划,1,1560000.0,生效
602068949,2025-11-15,2026-04-30,166,九富保险服务有限,杨帆,永明,万年青·星河传承保险计划II,5,234000.0,生效
611208703,2025-11-11,2026-04-24,164,怡泰财富管理有限,民生银行,永明,永誉传承储蓄计划,1,1560000.0,生效
611222815,2025-12-11,2026-05-19,159,怡泰财富管理有限,民生银行,永明,永誉传承储蓄计划,1,1560000.0,生效
611222948,2025-11-14,2026-04-21,158,怡泰财富管理有限,民生银行,永明,永誉传承储蓄计划,1,780000.0,生效
611208566,2025-08-22,2026-01-27,158,怡泰财富管理有限,民生银行,永明,万年青·卓金保险计划II,5,390000.0,生效
611222827,2025-12-22,2026-05-27,156,怡泰财富管理有限,民生银行,永明,永誉传承储蓄计划,1,7800000.0,生效
611222927,2025-11-26,2026-04-30,155,怡泰财富管理有限,民生银行,永明,永誉传承储蓄计划,1,1560000.0,生效
611222809,2025-11-21,2026-04-24,154,怡泰财富管理有限,民生银行,永明,永誉传承储蓄计划,1,1248000.0,生效
611222966,2025-12-12,2026-05-15,154,怡泰财富管理有限,民生银行,永明,万家康卓越保,25,19560.06,生效
611222912,2025-11-14,2026-04-17,154,怡泰财富管理有限,民生银行,永明,永誉传承储蓄计划,1,1248000.0,生效
611222911,2025-11-14,2026-04-17,154,怡泰财富管理有限,民生银行,永明,永誉传承储蓄计划,1,780000.0,生效
611222834,2025-11-24,2026-04-24,151,怡泰财富管理有限,民生银行,永明,永誉传承储蓄计划,1,780000.0,生效
611208694,2025-11-26,2026-04-23,148,怡泰财富管理有限,民生银行,永明,永誉传承储蓄计划,1,1560000.0,生效
611222820,2025-11-20,2026-04-17,148,怡泰财富管理有限,民生银行,永明,永誉传承储蓄计划,1,780000.0,生效
611222904,2025-10-24,2026-03-20,147,怡泰财富管理有限,民生银行,永明,永誉传承储蓄计划,1,1560000.0,生效
611222925,2025-11-21,2026-04-16,146,怡泰财富管理有限,民生银行,永明,永誉传承储蓄计划,1,1560000.0,生效
611222915,2025-11-17,2026-04-10,144,怡泰财富管理有限,民生银行,永明,永誉传承储蓄计划,1,2340000.0,生效
611222873,2025-11-25,2026-04-17,143,怡泰财富管理有限,民生银行,永明,永誉传承储蓄计划,1,780000.0,生效
611222899,2025-10-26,2026-03-17,142,怡泰财富管理有限,平安银行,永明,永誉传承储蓄计划,1,7800000.0,生效
611208684,2025-11-25,2026-04-16,142,怡泰财富管理有限,民生银行,永明,永誉传承储蓄计划,1,780000.0,生效
611203250,2025-09-05,2026-01-16,133,怡泰财富管理有限,民生银行,永明,万年青·卓金保险计划II,2,975000.0,生效
611222861,2025-11-14,2026-03-26,132,怡泰财富管理有限,民生银行,永明,永誉传承储蓄计划,1,1560000.0,生效
611222951,2025-11-14,2026-03-24,130,怡泰财富管理有限,民生银行,永明,永誉传承储蓄计划,1,1170000.0,生效
611222909,2025-11-13,2026-03-23,130,怡泰财富管理有限,民生银行,永明,永誉传承储蓄计划,1,1560000.0,生效
611208848,2025-11-13,2026-03-20,127,怡泰财富管理有限,民生银行,永明,永誉传承储蓄计划,1,1560000.0,生效
611222772,2025-09-30,2026-02-04,127,怡泰财富管理有限,民生银行,永明,万年青·卓金保险计划II,2,780000.0,生效
611222851,2025-10-31,2026-03-06,126,怡泰财富管理有限,民生银行,永明,永誉传承储蓄计划,1,1560000.0,生效
87122850,2025-12-09,2026-04-13,125,富强天一财富管理,天领成都,忠意保险有限公司,跨越无限保,25,11805.3,生效
611222913,2025-11-14,2026-03-18,124,怡泰财富管理有限,民生银行,永明,永誉传承储蓄计划,1,1560000.0,生效
611222808,2025-11-14,2026-03-17,123,怡泰财富管理有限,民生银行,永明,永誉传承储蓄计划,1,1560000.0,生效
611222924,2025-11-21,2026-03-24,123,怡泰财富管理有限,民生银行,永明,永誉传承储蓄计划,1,780000.0,生效
611222996,2025-11-20,2026-03-20,120,怡泰财富管理有限,民生银行,永明,永誉传承储蓄计划,1,1560000.0,生效
611222997,2025-11-21,2026-03-20,119,怡泰财富管理有限,民生银行,永明,永誉传承储蓄计划,1,1560000.0,生效
611222872,2025-11-18,2026-03-16,118,怡泰财富管理有限,民生银行,永明,万年青·卓金保险计划II,5,468000.0,生效
611203271,2025-10-30,2026-02-25,118,怡泰财富管理有限,民生银行,永明,永誉传承储蓄计划,1,1560000.0,生效
611222865,2025-11-21,2026-03-17,116,怡泰财富管理有限,民生银行,永明,永誉传承储蓄计划,1,1560000.0,生效
611222955,2025-11-27,2026-03-20,113,怡泰财富管理有限,民生银行,永明,永誉传承储蓄计划,1,1560000.0,生效
611222958,2025-11-28,2026-03-19,111,怡泰财富管理有限,民生银行,永明,永誉传承储蓄计划,1,3900000.0,生效
611222929,2025-11-28,2026-03-19,111,怡泰财富管理有限,民生银行,永明,永誉传承储蓄计划,1,2340000.0,生效
611222855,2025-11-06,2026-02-24,110,怡泰财富管理有限,民生银行,永明,永誉传承储蓄计划,1,2340000.0,生效
611222906,2025-11-13,2026-03-02,109,怡泰财富管理有限,民生银行,永明,永誉传承储蓄计划,1,780000.0,生效
611222849,2025-11-10,2026-02-27,109,怡泰财富管理有限,民生银行,永明,永誉传承储蓄计划,1,1170000.0,生效
611222857,2025-11-14,2026-03-02,108,怡泰财富管理有限,民生银行,永明,永誉传承储蓄计划,1,1560000.0,生效
611208600,2025-10-17,2026-02-02,108,怡泰财富管理有限,民生银行,永明,永誉传承储蓄计划,1,2340000.0,生效
611222823,2025-12-22,2026-04-08,107,怡泰财富管理有限,平安银行,永明,永誉传承储蓄计划,1,780000.0,生效
611203244,2025-10-28,2026-02-12,107,怡泰财富管理有限,民生银行,永明,永誉传承储蓄计划,1,1560000.0,生效
611222895,2025-11-12,2026-02-27,107,怡泰财富管理有限,民生银行,永明,永誉传承储蓄计划,1,7800000.0,生效
602068889,2025-09-30,2026-01-15,107,九富保险服务有限,万森保险,永明,万年青·星河尊享保险计划II,2,117000.0,生效
611208857,2025-11-12,2026-02-26,106,怡泰财富管理有限,民生银行,永明,永誉传承储蓄计划,1,1560000.0,生效
611222892,2025-11-26,2026-03-12,106,怡泰财富管理有限,民生银行,永明,永誉传承储蓄计划,1,1560000.0,生效
611222932,2025-12-05,2026-03-20,105,怡泰财富管理有限,民生银行,永明,永誉传承储蓄计划,1,2340000.0,生效
611222908,2025-11-13,2026-02-25,104,怡泰财富管理有限,民生银行,永明,永誉传承储蓄计划,1,1560000.0,生效
602069549,2026-04-02,2026-07-15,104,九富保险服务有限,天誉国际,永明,万年青·星河尊享保险计划II,5,390000.0,生效
611222910,2025-11-14,2026-02-25,103,怡泰财富管理有限,民生银行,永明,永誉传承储蓄计划,1,780000.0,生效
611210803,2025-12-18,2026-03-31,103,众和恒富理财集团,臻略财富,永明,万年青·星河尊享保险计划II,2,780000.0,生效
611222947,2025-11-14,2026-02-24,102,怡泰财富管理有限,民生银行,永明,永誉传承储蓄计划,1,1560000.0,生效
611222946,2025-11-14,2026-02-23,101,怡泰财富管理有限,民生银行,永明,永誉传承储蓄计划,1,2340000.0,生效
611222920,2025-11-18,2026-02-27,101,怡泰财富管理有限,民生银行,永明,永誉传承储蓄计划,1,1248000.0,生效
611222918,2025-11-18,2026-02-27,101,怡泰财富管理有限,民生银行,永明,永誉传承储蓄计划,1,1248000.0,生效
611222916,2025-11-17,2026-02-25,100,怡泰财富管理有限,民生银行,永明,永誉传承储蓄计划,1,1560000.0,生效
611222914,2025-11-17,2026-02-25,100,怡泰财富管理有限,民生银行,永明,永誉传承储蓄计划,1,1170000.0,生效
611210806,2026-01-27,2026-05-06,99,众和恒富理财集团,臻略财富,永明,万年青·星河尊享保险计划II,2,390000.0,生效
611222846,2025-11-26,2026-03-05,99,怡泰财富管理有限,民生银行,永明,永誉传承储蓄计划,1,920400.0,生效
611222874,2025-11-20,2026-02-27,99,怡泰财富管理有限,民生银行,永明,永誉传承储蓄计划,1,1560000.0,生效
611222818,2025-11-18,2026-02-25,99,怡泰财富管理有限,民生银行,永明,永誉传承储蓄计划,1,1248000.0,生效
611222854,2025-11-13,2026-02-20,99,怡泰财富管理有限,民生银行,永明,永誉传承储蓄计划,1,1560000.0,生效
611222864,2025-11-21,2026-02-27,98,怡泰财富管理有限,民生银行,永明,永誉传承储蓄计划,1,780000.0,生效
611222922,2025-11-20,2026-02-24,96,怡泰财富管理有限,民生银行,永明,永誉传承储蓄计划,1,780000.0,生效
611222847,2025-11-21,2026-02-25,96,怡泰财富管理有限,民生银行,永明,永誉传承储蓄计划,1,1560000.0,生效
611222802,2025-11-10,2026-02-13,95,怡泰财富管理有限,民生银行,永明,永誉传承储蓄计划,1,1950000.0,生效
611222890,2025-11-24,2026-02-27,95,怡泰财富管理有限,民生银行,永明,永誉传承储蓄计划,1,1014000.0,生效
611203274,2025-10-30,2026-02-02,95,怡泰财富管理有限,民生银行,永明,永誉传承储蓄计划,1,1560000.0,生效
611222926,2025-11-24,2026-02-27,95,怡泰财富管理有限,民生银行,永明,永誉传承储蓄计划,1,1560000.0,生效
602068935,2025-11-24,2026-02-26,94,九富保险服务有限,香港宜达,永明,永明危疾家康保,10,39815.1,生效
611222897,2025-11-11,2026-02-13,94,怡泰财富管理有限,民生银行,永明,永誉传承储蓄计划,1,1560000.0,生效
611208701,2025-11-11,2026-02-11,92,怡泰财富管理有限,民生银行,永明,永誉传承储蓄计划,1,1560000.0,生效
611222867,2025-11-25,2026-02-25,92,怡泰财富管理有限,民生银行,永明,永誉传承储蓄计划,1,1560000.0,生效
611222940,2025-12-18,2026-03-19,91,怡泰财富管理有限,民生银行,永明,永誉传承储蓄计划,1,1560000.0,生效
611222901,2025-11-13,2026-02-11,90,怡泰财富管理有限,民生银行,永明,永誉传承储蓄计划,1,1560000.0,生效
611222891,2025-11-26,2026-02-24,90,怡泰财富管理有限,民生银行,永明,永誉传承储蓄计划,1,780000.0,生效
611222805,2025-11-13,2026-02-10,89,怡泰财富管理有限,民生银行,永明,永誉传承储蓄计划,1,1560000.0,生效
611227270,2025-11-06,2026-02-02,88,怡泰财富管理有限,民生银行,永明,永誉传承储蓄计划,1,2340000.0,生效
602069338,2026-01-29,2026-04-27,88,九富保险服务有限,紫荆保险,永明,万年青·星河尊享保险计划II,2,390000.0,生效
602068714（1）,2026-04-21,2026-07-17,87,九富保险服务有限,唯思,永明,身故还原保障,15,2971.8,生效
602068714,2026-04-21,2026-07-17,87,九富保险服务有限,唯思,永明,万家康尊尚保,15,15147.6,生效
611222944,2025-12-23,2026-03-18,85,怡泰财富管理有限,民生银行,永明,永誉传承储蓄计划,1,1560000.0,生效
602068917,2025-11-11,2026-02-04,85,九富保险服务有限,万森保险,永明,万年青·星河尊享保险计划II,5,117000.0,生效
611222903,2025-11-11,2026-02-04,85,怡泰财富管理有限,民生银行,永明,永誉传承储蓄计划,1,1560000.0,生效
611222836,2025-11-20,2026-02-13,85,怡泰财富管理有限,民生银行,永明,永誉传承储蓄计划,1,1560000.0,生效
611222917,2025-11-18,2026-02-11,85,怡泰财富管理有限,民生银行,永明,永誉传承储蓄计划,1,1560000.0,生效
611222807,2025-12-05,2026-02-27,84,怡泰财富管理有限,民生银行,永明,永誉传承储蓄计划,1,1560000.0,生效
611222905,2025-11-18,2026-02-10,84,怡泰财富管理有限,民生银行,永明,永誉传承储蓄计划,1,1248000.0,生效
3818514788,2025-10-24,2026-01-16,84,富强天一财富管理,利泰丰,中银人寿,薪火传承环球终身寿险计划,3,13571999.45,生效
611222813,2025-12-05,2026-02-27,84,怡泰财富管理有限,民生银行,永明,永誉传承储蓄计划,1,1560000.0,生效
611222898,2025-11-20,2026-02-10,82,怡泰财富管理有限,民生银行,永明,永誉传承储蓄计划,1,1560000.0,生效
611222931,2025-12-04,2026-02-24,82,怡泰财富管理有限,民生银行,永明,永誉传承储蓄计划,1,780000.0,生效
611222952,2025-11-21,2026-02-11,82,怡泰财富管理有限,民生银行,永明,永誉传承储蓄计划,1,1560000.0,生效
602068908,2025-11-07,2026-01-27,81,九富保险服务有限,杨璐熙,永明,万年青·星河尊享保险计划II,5,780000.0,生效
611222954,2025-12-05,2026-02-24,81,怡泰财富管理有限,民生银行,永明,永誉传承储蓄计划,1,1560000.0,生效
611222812,2025-12-04,2026-02-23,81,怡泰财富管理有限,民生银行,永明,永誉传承储蓄计划,1,1560000.0,生效
602069592,2026-04-17,2026-07-06,80,九富保险服务有限,万森保险,永明,万年青·星河尊享保险计划II,5,390000.0,生效
611232099,2025-12-30,2026-03-19,79,怡泰财富管理有限,民生银行,永明,永誉传承储蓄计划,1,1560000.0,生效
3818551288,2025-10-30,2026-01-16,78,富强天一财富管理,利泰丰,中银人寿,薪火传承环球终身寿险计划,3,13571999.45,生效
611222871,2025-11-18,2026-02-04,78,怡泰财富管理有限,民生银行,永明,永誉传承储蓄计划,1,1560000.0,生效
611222850,2025-10-30,2026-01-15,77,怡泰财富管理有限,民生银行,永明,永誉传承储蓄计划,1,436800.0,生效
611227333,2026-01-14,2026-03-31,76,众和恒富理财集团,个人转介,永明,万年青·星河尊享保险计划II,5,390000.0,生效
611222866,2025-11-21,2026-02-04,75,怡泰财富管理有限,民生银行,永明,万年青·卓金保险计划II,5,780000.0,生效
611222806,2025-11-19,2026-02-02,75,怡泰财富管理有限,民生银行,永明,永誉传承储蓄计划,1,1560000.0,生效
611222994,2026-03-19,2026-06-02,75,怡泰财富管理有限,平安银行,永明,永誉传承储蓄计划,1,390000.0,生效
602068457,2025-10-31,2026-01-14,75,九富保险服务有限,唯思,永明,万年青·星河尊享保险计划II,5,39000.0,生效
611232117,2026-04-25,2026-07-06,72,怡泰财富管理有限,民生银行,永明,永誉传承储蓄计划,1,780000.0,生效
611227299,2025-12-17,2026-02-27,72,众和恒富理财集团,企鹅保险,永明,万年青·星河尊享保险计划II,5,390000.0,生效
602069598,2026-02-04,2026-04-17,72,九富保险服务有限,万森保险,永明,万年青·星河尊享保险计划II,2,780000.0,生效
611222889,2026-03-16,2026-05-26,71,怡泰财富管理有限,平安银行,永明,永誉传承储蓄计划,1,3120000.0,生效
602070083,2026-05-12,2026-07-22,71,九富保险服务有限,天领重庆,永明,万年青·星河尊享保险计划II,2,234000.0,生效
602069422,2026-01-19,2026-03-30,70,九富保险服务有限,唯思,永明,万年青·星河尊享保险计划II,5,390000.0,生效
611232046,2025-12-19,2026-02-27,70,怡泰财富管理有限,民生银行,永明,永誉传承储蓄计划,1,1560000.0,生效
611203259,2025-10-28,2026-01-06,70,怡泰财富管理有限,民生银行,永明,万年青·卓金保险计划II,5,780000.0,生效
100043109188,2026-05-15,2026-07-22,68,怡泰财富管理有限,天领重庆,立桥,智选储蓄保（20年保障期）,1,39000.0,生效
602069423,2026-01-19,2026-03-27,67,九富保险服务有限,唯思,永明,万家康卓越保,20,16504.8,生效
611233723,2026-05-12,2026-07-17,66,众和恒富理财集团,总部职能,永明,万家康卓越保,10,19312.8,生效
611233725,2026-05-12,2026-07-17,66,众和恒富理财集团,总部职能,永明,万家康卓越保,20,25435.8,生效
602069648,2026-01-26,2026-04-01,65,九富保险服务有限,唯思,永明,万年青·星河尊享保险计划II,2,585000.0,生效
611227474,2026-01-20,2026-03-25,64,众和恒富理财集团,企鹅保险,永明,万年青·星河尊享保险计划II,5,456000.0,生效
611232101,2026-01-07,2026-03-11,63,怡泰财富管理有限,平安银行,永明,永誉传承储蓄计划,1,780000.0,生效
602069287,2025-12-31,2026-03-04,63,九富保险服务有限,紫荆保险,永明,万年青·星河尊享保险计划II,2,273000.0,生效
602068702,2026-04-10,2026-06-10,61,九富保险服务有限,唯思,永明,万年青·星河尊享保险计划II,2,273000.0,生效
602068922,2025-11-19,2026-01-19,61,九富保险服务有限,万森保险,永明,万年青·星河尊享保险计划II,2,195000.0,生效
