company,url,fetched_at,snippet
AIA_International,https://www.aia.com/en/media-centre/press-releases/2026/aia-group-press-release-20260820.html,2026-08-30T22:51:37.986685,AIA delivers strong first half results in 2026 | AIA Group Limited Contact Us Recent searches Clear About Us About Us About Us Leadership team AIA Leadership Centre Explore more AIA MDRT 2026 Our Purpose AIA One Billion AIA One Billion Our Regional Ambassadors AIA One Billion Local Heroes Explore more Solutions to meet your needs Corporate Social Responsibility AIA Scholarships Partnership with Tottenham Hotspur AIA Healthiest Schools Programme Explore more AIA Investments AIA Investment Management Singapore AIA Investment Management Thailand AIA Investment Management China AIA Investment Management Hong Kong AIA Investment Management Philippines Health & Wellness Health & Wellness Health & Wellness AIA Vitality Hong Kong Observation Wheel and AIA Vitality Park Explore more Healthy Living with AIA Rethink Healthy News & Insights News & Insights Media Centre Press Releases Insights and Views Facts at a Glance Photo Gallery Investor Relations Investor Relations Investor Relations Overview Results and Reports Investor Presentations Share Price Credit Investors Financial Calendar Regulatory Disclosures Corporate Governance Hong Kong Stock Exchange Announcements Shareholder Centre Conta
Prudential_HK_Life,https://www.prudential.com.hk/en/en/about-us/newsroom/,2026-08-30T22:51:47.269348,404 Error Page Skip links Contact us Buy Online English 繁體中文 简体中文 Products --> Personal Health Critical illness protection Medical Accident & disability Explore more Life Save Savings Retirement Explore more Investment Latest investment choice performance Market updates Explore more Home & pet Travel & leisure --> Business Employee plans Business plans Services & Claims --> Personal Claims Claims made easy Medical Expenses Direct Billing Service Policy & payment Manage your policy Pay for life insurance Pay for general insurance Foreign exchange rate Healthcare services Find a healthcare provider Value-added service & support Chat with the PRUHealthTeam Tools & support Form library Customer notices Calculators myPrudential Manage policy with myPrudential Login to myPrudential --> Business Tools & support PRUWorks myPrudential Manage policy with myPrudential Knowledge Corner --> Understanding insurance --> Protecting health --> Growing wealth --> Settling in Hong Kong About Us --> Our company --> Customer commitment --> Newsroom --> Awards & achievements --> Work with us Corporate careers Be a financial consultant --> Promotion Macau --> Products Health Save Life --> Claims Claims m
Prudential_HK_Life,https://www.prudential.com.hk/en/en/about-us/promotion/prulivinghk/value-growth/,2026-08-30T22:51:47.269348,404 Error Page Skip links Contact us Buy Online English 繁體中文 简体中文 Products --> Personal Health Critical illness protection Medical Accident & disability Explore more Life Save Savings Retirement Explore more Investment Latest investment choice performance Market updates Explore more Home & pet Travel & leisure --> Business Employee plans Business plans Services & Claims --> Personal Claims Claims made easy Medical Expenses Direct Billing Service Policy & payment Manage your policy Pay for life insurance Pay for general insurance Foreign exchange rate Healthcare services Find a healthcare provider Value-added service & support Chat with the PRUHealthTeam Tools & support Form library Customer notices Calculators myPrudential Manage policy with myPrudential Login to myPrudential --> Business Tools & support PRUWorks myPrudential Manage policy with myPrudential Knowledge Corner --> Understanding insurance --> Protecting health --> Growing wealth --> Settling in Hong Kong About Us --> Our company --> Customer commitment --> Newsroom --> Awards & achievements --> Work with us Corporate careers Be a financial consultant --> Promotion Macau --> Products Health Save Life --> Claims Claims m
Sun_Life_HK,https://www.sunlife.com.hk/en/en/about-us/contact-us/,2026-08-30T22:53:02.537047,"Page Not Found | Sun Life Hong Kong Skip to sign in Skip to main content Skip to footer Close Search Please enter a search term. Region Bermuda Sun Life Private Wealth Bermuda Canada Sun Life Canada China Sun Life Everbright Hong Kong, SAR Sun Life Hong Kong Sun Life Private Wealth Hong Kong India Birla Sun Life Indonesia Sun Life Indonesia Malaysia Sun Life Malaysia Philippines Sun Life Philippines Sun Life Grepa Financial Singapore Sun Life Private Wealth Singapore United Arab Emirates Sun Life Private Wealth Dubai United States Sun Life United States Vietnam Sun Life Vietnam Global MFS Investment Management SLC Management Sun Life Global Investments Sun Life Private Wealth Corporate (sunlife.com) EN | 中文 English 繁體中文 简体中文 Contact us Claims Careers Client support Please enter a search term. Life moments Quick links Find an advisor Get medical quote Retirement Calculator Cost estimator of treating critical illness Education Budget Calculator Savings Planning Calculator Contact us All products SunNews Life moments Starting out Overview Overview Parenting Overview Early childhood School years University life Education Budget Calculator Overview Early childhood School years Universit"
Sun_Life_HK,https://www.sunlife.com.hk/en/en/about-us/career/,2026-08-30T22:53:02.537047,"Page Not Found | Sun Life Hong Kong Skip to sign in Skip to main content Skip to footer Close Search Please enter a search term. Region Bermuda Sun Life Private Wealth Bermuda Canada Sun Life Canada China Sun Life Everbright Hong Kong, SAR Sun Life Hong Kong Sun Life Private Wealth Hong Kong India Birla Sun Life Indonesia Sun Life Indonesia Malaysia Sun Life Malaysia Philippines Sun Life Philippines Sun Life Grepa Financial Singapore Sun Life Private Wealth Singapore United Arab Emirates Sun Life Private Wealth Dubai United States Sun Life United States Vietnam Sun Life Vietnam Global MFS Investment Management SLC Management Sun Life Global Investments Sun Life Private Wealth Corporate (sunlife.com) EN | 中文 English 繁體中文 简体中文 Contact us Claims Careers Client support Please enter a search term. Life moments Quick links Find an advisor Get medical quote Retirement Calculator Cost estimator of treating critical illness Education Budget Calculator Savings Planning Calculator Contact us All products SunNews Life moments Starting out Overview Overview Parenting Overview Early childhood School years University life Education Budget Calculator Overview Early childhood School years Universit"
Sun_Life_HK,https://www.sunlife.com.hk/en/en/about-us/contact-us/#advisor-modal-form,2026-08-30T22:53:02.537047,"Page Not Found | Sun Life Hong Kong Skip to sign in Skip to main content Skip to footer Close Search Please enter a search term. Region Bermuda Sun Life Private Wealth Bermuda Canada Sun Life Canada China Sun Life Everbright Hong Kong, SAR Sun Life Hong Kong Sun Life Private Wealth Hong Kong India Birla Sun Life Indonesia Sun Life Indonesia Malaysia Sun Life Malaysia Philippines Sun Life Philippines Sun Life Grepa Financial Singapore Sun Life Private Wealth Singapore United Arab Emirates Sun Life Private Wealth Dubai United States Sun Life United States Vietnam Sun Life Vietnam Global MFS Investment Management SLC Management Sun Life Global Investments Sun Life Private Wealth Corporate (sunlife.com) EN | 中文 English 繁體中文 简体中文 Contact us Claims Careers Client support Please enter a search term. Life moments Quick links Find an advisor Get medical quote Retirement Calculator Cost estimator of treating critical illness Education Budget Calculator Savings Planning Calculator Contact us All products SunNews Life moments Starting out Overview Overview Parenting Overview Early childhood School years University life Education Budget Calculator Overview Early childhood School years Universit"
Sun_Life_HK,https://www.sunlife.com.hk/en/en/about-us/tools-resources/cost-estimation-of-treating-major-illnesses/,2026-08-30T22:53:02.537047,"Page Not Found | Sun Life Hong Kong Skip to sign in Skip to main content Skip to footer Close Search Please enter a search term. Region Bermuda Sun Life Private Wealth Bermuda Canada Sun Life Canada China Sun Life Everbright Hong Kong, SAR Sun Life Hong Kong Sun Life Private Wealth Hong Kong India Birla Sun Life Indonesia Sun Life Indonesia Malaysia Sun Life Malaysia Philippines Sun Life Philippines Sun Life Grepa Financial Singapore Sun Life Private Wealth Singapore United Arab Emirates Sun Life Private Wealth Dubai United States Sun Life United States Vietnam Sun Life Vietnam Global MFS Investment Management SLC Management Sun Life Global Investments Sun Life Private Wealth Corporate (sunlife.com) EN | 中文 English 繁體中文 简体中文 Contact us Claims Careers Client support Please enter a search term. Life moments Quick links Find an advisor Get medical quote Retirement Calculator Cost estimator of treating critical illness Education Budget Calculator Savings Planning Calculator Contact us All products SunNews Life moments Starting out Overview Overview Parenting Overview Early childhood School years University life Education Budget Calculator Overview Early childhood School years Universit"
Sun_Life_HK,https://www.sunlife.com.hk/en/en/about-us/tools-resources/education-budget-calculator/,2026-08-30T22:53:02.537047,"Page Not Found | Sun Life Hong Kong Skip to sign in Skip to main content Skip to footer Close Search Please enter a search term. Region Bermuda Sun Life Private Wealth Bermuda Canada Sun Life Canada China Sun Life Everbright Hong Kong, SAR Sun Life Hong Kong Sun Life Private Wealth Hong Kong India Birla Sun Life Indonesia Sun Life Indonesia Malaysia Sun Life Malaysia Philippines Sun Life Philippines Sun Life Grepa Financial Singapore Sun Life Private Wealth Singapore United Arab Emirates Sun Life Private Wealth Dubai United States Sun Life United States Vietnam Sun Life Vietnam Global MFS Investment Management SLC Management Sun Life Global Investments Sun Life Private Wealth Corporate (sunlife.com) EN | 中文 English 繁體中文 简体中文 Contact us Claims Careers Client support Please enter a search term. Life moments Quick links Find an advisor Get medical quote Retirement Calculator Cost estimator of treating critical illness Education Budget Calculator Savings Planning Calculator Contact us All products SunNews Life moments Starting out Overview Overview Parenting Overview Early childhood School years University life Education Budget Calculator Overview Early childhood School years Universit"
Sun_Life_HK,https://www.sunlife.com.hk/en/en/about-us/tools-resources/savings-planning-calculator/,2026-08-30T22:53:02.537047,"Page Not Found | Sun Life Hong Kong Skip to sign in Skip to main content Skip to footer Close Search Please enter a search term. Region Bermuda Sun Life Private Wealth Bermuda Canada Sun Life Canada China Sun Life Everbright Hong Kong, SAR Sun Life Hong Kong Sun Life Private Wealth Hong Kong India Birla Sun Life Indonesia Sun Life Indonesia Malaysia Sun Life Malaysia Philippines Sun Life Philippines Sun Life Grepa Financial Singapore Sun Life Private Wealth Singapore United Arab Emirates Sun Life Private Wealth Dubai United States Sun Life United States Vietnam Sun Life Vietnam Global MFS Investment Management SLC Management Sun Life Global Investments Sun Life Private Wealth Corporate (sunlife.com) EN | 中文 English 繁體中文 简体中文 Contact us Claims Careers Client support Please enter a search term. Life moments Quick links Find an advisor Get medical quote Retirement Calculator Cost estimator of treating critical illness Education Budget Calculator Savings Planning Calculator Contact us All products SunNews Life moments Starting out Overview Overview Parenting Overview Early childhood School years University life Education Budget Calculator Overview Early childhood School years Universit"
Sun_Life_HK,https://www.sunlife.com.hk/en/en/investments/mpf-and-orso-scheme/MPF-Income-fund/,2026-08-30T22:53:02.537047,"Page Not Found | Sun Life Hong Kong Skip to sign in Skip to main content Skip to footer Close Search Please enter a search term. Region Bermuda Sun Life Private Wealth Bermuda Canada Sun Life Canada China Sun Life Everbright Hong Kong, SAR Sun Life Hong Kong Sun Life Private Wealth Hong Kong India Birla Sun Life Indonesia Sun Life Indonesia Malaysia Sun Life Malaysia Philippines Sun Life Philippines Sun Life Grepa Financial Singapore Sun Life Private Wealth Singapore United Arab Emirates Sun Life Private Wealth Dubai United States Sun Life United States Vietnam Sun Life Vietnam Global MFS Investment Management SLC Management Sun Life Global Investments Sun Life Private Wealth Corporate (sunlife.com) EN | 中文 English 繁體中文 简体中文 Contact us Claims Careers Client support Please enter a search term. Life moments Quick links Find an advisor Get medical quote Retirement Calculator Cost estimator of treating critical illness Education Budget Calculator Savings Planning Calculator Contact us All products SunNews Life moments Starting out Overview Overview Parenting Overview Early childhood School years University life Education Budget Calculator Overview Early childhood School years Universit"
Sun_Life_HK,https://www.sunlife.com.hk/en/en/about-us/,2026-08-30T22:53:02.537047,"Page Not Found | Sun Life Hong Kong Skip to sign in Skip to main content Skip to footer Close Search Please enter a search term. Region Bermuda Sun Life Private Wealth Bermuda Canada Sun Life Canada China Sun Life Everbright Hong Kong, SAR Sun Life Hong Kong Sun Life Private Wealth Hong Kong India Birla Sun Life Indonesia Sun Life Indonesia Malaysia Sun Life Malaysia Philippines Sun Life Philippines Sun Life Grepa Financial Singapore Sun Life Private Wealth Singapore United Arab Emirates Sun Life Private Wealth Dubai United States Sun Life United States Vietnam Sun Life Vietnam Global MFS Investment Management SLC Management Sun Life Global Investments Sun Life Private Wealth Corporate (sunlife.com) EN | 中文 English 繁體中文 简体中文 Contact us Claims Careers Client support Please enter a search term. Life moments Quick links Find an advisor Get medical quote Retirement Calculator Cost estimator of treating critical illness Education Budget Calculator Savings Planning Calculator Contact us All products SunNews Life moments Starting out Overview Overview Parenting Overview Early childhood School years University life Education Budget Calculator Overview Early childhood School years Universit"
Sun_Life_HK,https://www.sunlife.com.hk/en/en/about-us/who-we-are/,2026-08-30T22:53:02.537047,"Page Not Found | Sun Life Hong Kong Skip to sign in Skip to main content Skip to footer Close Search Please enter a search term. Region Bermuda Sun Life Private Wealth Bermuda Canada Sun Life Canada China Sun Life Everbright Hong Kong, SAR Sun Life Hong Kong Sun Life Private Wealth Hong Kong India Birla Sun Life Indonesia Sun Life Indonesia Malaysia Sun Life Malaysia Philippines Sun Life Philippines Sun Life Grepa Financial Singapore Sun Life Private Wealth Singapore United Arab Emirates Sun Life Private Wealth Dubai United States Sun Life United States Vietnam Sun Life Vietnam Global MFS Investment Management SLC Management Sun Life Global Investments Sun Life Private Wealth Corporate (sunlife.com) EN | 中文 English 繁體中文 简体中文 Contact us Claims Careers Client support Please enter a search term. Life moments Quick links Find an advisor Get medical quote Retirement Calculator Cost estimator of treating critical illness Education Budget Calculator Savings Planning Calculator Contact us All products SunNews Life moments Starting out Overview Overview Parenting Overview Early childhood School years University life Education Budget Calculator Overview Early childhood School years Universit"
Sun_Life_HK,https://www.sunlife.com.hk/en/en/about-us/who-we-are/awards/,2026-08-30T22:53:02.537047,"Page Not Found | Sun Life Hong Kong Skip to sign in Skip to main content Skip to footer Close Search Please enter a search term. Region Bermuda Sun Life Private Wealth Bermuda Canada Sun Life Canada China Sun Life Everbright Hong Kong, SAR Sun Life Hong Kong Sun Life Private Wealth Hong Kong India Birla Sun Life Indonesia Sun Life Indonesia Malaysia Sun Life Malaysia Philippines Sun Life Philippines Sun Life Grepa Financial Singapore Sun Life Private Wealth Singapore United Arab Emirates Sun Life Private Wealth Dubai United States Sun Life United States Vietnam Sun Life Vietnam Global MFS Investment Management SLC Management Sun Life Global Investments Sun Life Private Wealth Corporate (sunlife.com) EN | 中文 English 繁體中文 简体中文 Contact us Claims Careers Client support Please enter a search term. Life moments Quick links Find an advisor Get medical quote Retirement Calculator Cost estimator of treating critical illness Education Budget Calculator Savings Planning Calculator Contact us All products SunNews Life moments Starting out Overview Overview Parenting Overview Early childhood School years University life Education Budget Calculator Overview Early childhood School years Universit"
Sun_Life_HK,https://www.sunlife.com.hk/en/en/about-us/who-we-are/latest-branding-campaign/,2026-08-30T22:53:02.537047,"Page Not Found | Sun Life Hong Kong Skip to sign in Skip to main content Skip to footer Close Search Please enter a search term. Region Bermuda Sun Life Private Wealth Bermuda Canada Sun Life Canada China Sun Life Everbright Hong Kong, SAR Sun Life Hong Kong Sun Life Private Wealth Hong Kong India Birla Sun Life Indonesia Sun Life Indonesia Malaysia Sun Life Malaysia Philippines Sun Life Philippines Sun Life Grepa Financial Singapore Sun Life Private Wealth Singapore United Arab Emirates Sun Life Private Wealth Dubai United States Sun Life United States Vietnam Sun Life Vietnam Global MFS Investment Management SLC Management Sun Life Global Investments Sun Life Private Wealth Corporate (sunlife.com) EN | 中文 English 繁體中文 简体中文 Contact us Claims Careers Client support Please enter a search term. Life moments Quick links Find an advisor Get medical quote Retirement Calculator Cost estimator of treating critical illness Education Budget Calculator Savings Planning Calculator Contact us All products SunNews Life moments Starting out Overview Overview Parenting Overview Early childhood School years University life Education Budget Calculator Overview Early childhood School years Universit"
Sun_Life_HK,https://www.sunlife.com.hk/en/en/about-us/who-we-are/client-enewsletters/,2026-08-30T22:53:02.537047,"Page Not Found | Sun Life Hong Kong Skip to sign in Skip to main content Skip to footer Close Search Please enter a search term. Region Bermuda Sun Life Private Wealth Bermuda Canada Sun Life Canada China Sun Life Everbright Hong Kong, SAR Sun Life Hong Kong Sun Life Private Wealth Hong Kong India Birla Sun Life Indonesia Sun Life Indonesia Malaysia Sun Life Malaysia Philippines Sun Life Philippines Sun Life Grepa Financial Singapore Sun Life Private Wealth Singapore United Arab Emirates Sun Life Private Wealth Dubai United States Sun Life United States Vietnam Sun Life Vietnam Global MFS Investment Management SLC Management Sun Life Global Investments Sun Life Private Wealth Corporate (sunlife.com) EN | 中文 English 繁體中文 简体中文 Contact us Claims Careers Client support Please enter a search term. Life moments Quick links Find an advisor Get medical quote Retirement Calculator Cost estimator of treating critical illness Education Budget Calculator Savings Planning Calculator Contact us All products SunNews Life moments Starting out Overview Overview Parenting Overview Early childhood School years University life Education Budget Calculator Overview Early childhood School years Universit"
Sun_Life_HK,https://www.sunlife.com.hk/en/en/about-us/newsroom/,2026-08-30T22:53:02.537047,"Page Not Found | Sun Life Hong Kong Skip to sign in Skip to main content Skip to footer Close Search Please enter a search term. Region Bermuda Sun Life Private Wealth Bermuda Canada Sun Life Canada China Sun Life Everbright Hong Kong, SAR Sun Life Hong Kong Sun Life Private Wealth Hong Kong India Birla Sun Life Indonesia Sun Life Indonesia Malaysia Sun Life Malaysia Philippines Sun Life Philippines Sun Life Grepa Financial Singapore Sun Life Private Wealth Singapore United Arab Emirates Sun Life Private Wealth Dubai United States Sun Life United States Vietnam Sun Life Vietnam Global MFS Investment Management SLC Management Sun Life Global Investments Sun Life Private Wealth Corporate (sunlife.com) EN | 中文 English 繁體中文 简体中文 Contact us Claims Careers Client support Please enter a search term. Life moments Quick links Find an advisor Get medical quote Retirement Calculator Cost estimator of treating critical illness Education Budget Calculator Savings Planning Calculator Contact us All products SunNews Life moments Starting out Overview Overview Parenting Overview Early childhood School years University life Education Budget Calculator Overview Early childhood School years Universit"
Sun_Life_HK,https://www.sunlife.com.hk/en/en/about-us/newsroom/news-releases/2026/,2026-08-30T22:53:02.537047,"Page Not Found | Sun Life Hong Kong Skip to sign in Skip to main content Skip to footer Close Search Please enter a search term. Region Bermuda Sun Life Private Wealth Bermuda Canada Sun Life Canada China Sun Life Everbright Hong Kong, SAR Sun Life Hong Kong Sun Life Private Wealth Hong Kong India Birla Sun Life Indonesia Sun Life Indonesia Malaysia Sun Life Malaysia Philippines Sun Life Philippines Sun Life Grepa Financial Singapore Sun Life Private Wealth Singapore United Arab Emirates Sun Life Private Wealth Dubai United States Sun Life United States Vietnam Sun Life Vietnam Global MFS Investment Management SLC Management Sun Life Global Investments Sun Life Private Wealth Corporate (sunlife.com) EN | 中文 English 繁體中文 简体中文 Contact us Claims Careers Client support Please enter a search term. Life moments Quick links Find an advisor Get medical quote Retirement Calculator Cost estimator of treating critical illness Education Budget Calculator Savings Planning Calculator Contact us All products SunNews Life moments Starting out Overview Overview Parenting Overview Early childhood School years University life Education Budget Calculator Overview Early childhood School years Universit"
Sun_Life_HK,https://www.sunlife.com.hk/en/en/about-us/sustainability/,2026-08-30T22:53:02.537047,"Page Not Found | Sun Life Hong Kong Skip to sign in Skip to main content Skip to footer Close Search Please enter a search term. Region Bermuda Sun Life Private Wealth Bermuda Canada Sun Life Canada China Sun Life Everbright Hong Kong, SAR Sun Life Hong Kong Sun Life Private Wealth Hong Kong India Birla Sun Life Indonesia Sun Life Indonesia Malaysia Sun Life Malaysia Philippines Sun Life Philippines Sun Life Grepa Financial Singapore Sun Life Private Wealth Singapore United Arab Emirates Sun Life Private Wealth Dubai United States Sun Life United States Vietnam Sun Life Vietnam Global MFS Investment Management SLC Management Sun Life Global Investments Sun Life Private Wealth Corporate (sunlife.com) EN | 中文 English 繁體中文 简体中文 Contact us Claims Careers Client support Please enter a search term. Life moments Quick links Find an advisor Get medical quote Retirement Calculator Cost estimator of treating critical illness Education Budget Calculator Savings Planning Calculator Contact us All products SunNews Life moments Starting out Overview Overview Parenting Overview Early childhood School years University life Education Budget Calculator Overview Early childhood School years Universit"
Chubb_HK,https://about.chubb.com/,2026-08-30T22:53:14.170021,"Chubb Insurance | Chubb Careers Careers skip to main content About Us Climate & Environment Our Culture Governance Stories Back About Us Leadership Locations Our History Citizenship Back Leadership Leadership Chubb Group Executives Learn More Back Locations Locations Chubb has operations in 54 countries and territories and can help clients manage their risks anywhere in the world. Learn More Back Our History Our History The company took its present form in 2016 when ACE Limited acquired the Chubb Corporation, creating a world leader in insurance. Learn More Back Citizenship Philanthropy & Volunteerism Chubb Rule of Law Fund Citizenship Reports Blue Boundaries Learn More Blue Boundaries: A Partnership for the Planet The National Geographic Society and the Chubb Charitable Foundation are partnering together to drive transformational change for vital ecosystems at the intersection of land and water. Learn more Back Climate & Environment Chubb Climate+ Corporate Climate Program Climate Resources Hub Back Chubb Climate+ Chubb Climate+ Chubb Climate+ draws on our extensive technical capabilities in underwriting and risk engineering, bringing together Chubb units engaged in Renewables, Al"
Chubb_HK,https://www.chubb.com/hk-en/hk-en/about-chubb.html,2026-08-30T22:53:14.170021,"404 Page skip to main content Personal Businesses Partners & Agents Buy Online Back Personal Accident Health Home Life Savings & ILAS Travel View Coverages Quick Links Blog Contact Us Report a Claim Login Back Accident Accident Protection Accident Add-On Back Health Critical Illness Protection VHIS Series Medical Protection SilverCare Enhancer Medical Add-On Back Home MyHomeGuard MyHomeGuard is more than just household insurance. It provides cover for ATM assault, injuries resulting from theft, and personal accidents that occur outside your home. Learn More Back Life Whole Life Insurance Universal Life Insurance Term Life Insurance Life Add-On Back Savings & ILAS Annuity Wealth Planning Investment-Linked Assurance Scheme (ILAS) Child Education Back Travel Travel Insurance Overseas Student Protection Quick Links Blog Contact Us Report a Claim Login Back Businesses Products Industries Services Small & Medium Businesses Large & Multinational Businesses View Coverages Quick Links Insights Contact Us Report a Claim Login Back Products Accident & Health Casualty Construction Cyber Environmental Financial Lines Marine Property All Products Back Industries Construction Life Science Financi"
Chubb_HK,https://www.chubb.com/hk-en/hk-en/media-centre.html,2026-08-30T22:53:14.170021,"404 Page skip to main content Personal Businesses Partners & Agents Buy Online Back Personal Accident Health Home Life Savings & ILAS Travel View Coverages Quick Links Blog Contact Us Report a Claim Login Back Accident Accident Protection Accident Add-On Back Health Critical Illness Protection VHIS Series Medical Protection SilverCare Enhancer Medical Add-On Back Home MyHomeGuard MyHomeGuard is more than just household insurance. It provides cover for ATM assault, injuries resulting from theft, and personal accidents that occur outside your home. Learn More Back Life Whole Life Insurance Universal Life Insurance Term Life Insurance Life Add-On Back Savings & ILAS Annuity Wealth Planning Investment-Linked Assurance Scheme (ILAS) Child Education Back Travel Travel Insurance Overseas Student Protection Quick Links Blog Contact Us Report a Claim Login Back Businesses Products Industries Services Small & Medium Businesses Large & Multinational Businesses View Coverages Quick Links Insights Contact Us Report a Claim Login Back Products Accident & Health Casualty Construction Cyber Environmental Financial Lines Marine Property All Products Back Industries Construction Life Science Financi"
