target_id,period_key,business_category,segment_code,ka_id,team_id,target_category,carrier_code,business_line,product_category,target_ape
T00001,2026,AGT,SLC,ALL,ALL,全业务规划,ALL,ALL,ALL,193000000
T00002,2026,AGT,GTD,ALL,ALL,全业务规划,ALL,ALL,ALL,70000000
T00003,2026,AGT,NGP,ALL,ALL,全业务规划,ALL,ALL,ALL,220000000
T00004,2026,BRK,BK,ALL,ALL,全业务规划,ALL,ALL,ALL,200000000
T00005,2026,BRK,BRK,ALL,ALL,全业务规划,ALL,ALL,ALL,160000000
T00006,2026,BRK,SLBRK,ALL,ALL,全业务规划,ALL,ALL,ALL,340000000
T00007,2026,KA,REF,ALL,ALL,全业务规划,ALL,ALL,ALL,73000000
T00008,2026,KA,IFA,ALL,ALL,全业务规划,ALL,ALL,ALL,25000000
T00009,2026,KA,ICLUB,ALL,ALL,全业务规划,ALL,ALL,ALL,52000000
T00010,2026,MGA,TA,ALL,ALL,全业务规划,ALL,ALL,ALL,600000000
T00011,2026,AGT,SLC,ALL,ALL,永明业务规划,SLHK,ALL,ALL,135100000
T00012,2026,AGT,GTD,ALL,ALL,永明业务规划,SLHK,ALL,ALL,56000000
T00013,2026,AGT,NGP,ALL,ALL,永明业务规划,SLHK,ALL,ALL,220000000
T00014,2026,BRK,BK,ALL,ALL,永明业务规划,SLHK,ALL,ALL,200000000
T00015,2026,BRK,BRK,ALL,ALL,永明业务规划,SLHK,ALL,ALL,140000000
T00016,2026,BRK,SLBRK,ALL,ALL,永明业务规划,SLHK,ALL,ALL,340000000
T00017,2026,KA,REF,ALL,ALL,永明业务规划,SLHK,ALL,ALL,51100000
T00018,2026,KA,IFA,ALL,ALL,永明业务规划,SLHK,ALL,ALL,17500000
T00019,2026,KA,ICLUB,ALL,ALL,永明业务规划,SLHK,ALL,ALL,36400000
T00020,2026,MGA,TA,ALL,ALL,永明业务规划,SLHK,ALL,ALL,600000000
T00021,2026,AGT,SLC,ALL,ALL,高客业务规划,ALL,HNW,ALL,27020000
T00022,2026,AGT,GTD,ALL,ALL,高客业务规划,ALL,HNW,ALL,11200000
T00023,2026,AGT,NGP,ALL,ALL,高客业务规划,ALL,HNW,ALL,44000000
T00024,2026,BRK,BK,ALL,ALL,高客业务规划,ALL,HNW,ALL,0
T00025,2026,BRK,BRK,ALL,ALL,高客业务规划,ALL,HNW,ALL,92000000
T00026,2026,BRK,SLBRK,ALL,ALL,高客业务规划,ALL,HNW,ALL,102000000
T00027,2026,KA,REF,ALL,ALL,高客业务规划,ALL,HNW,ALL,15330000
T00028,2026,KA,IFA,ALL,ALL,高客业务规划,ALL,HNW,ALL,5250000
T00029,2026,KA,ICLUB,ALL,ALL,高客业务规划,ALL,HNW,ALL,10920000
T00030,2026,MGA,TA,ALL,ALL,高客业务规划,ALL,HNW,ALL,0
T00031,2026,AGT,SLC,ALL,ALL,人寿业务规划,ALL,ALL,LIFE,8106000
T00032,2026,AGT,GTD,ALL,ALL,人寿业务规划,ALL,ALL,LIFE,3360000
T00033,2026,AGT,NGP,ALL,ALL,人寿业务规划,ALL,ALL,LIFE,6600000
T00034,2026,BRK,BK,ALL,ALL,人寿业务规划,ALL,ALL,LIFE,0
T00035,2026,BRK,BRK,ALL,ALL,人寿业务规划,ALL,ALL,LIFE,32200000
T00036,2026,BRK,SLBRK,ALL,ALL,人寿业务规划,ALL,ALL,LIFE,35700000
T00037,2026,KA,REF,ALL,ALL,人寿业务规划,ALL,ALL,LIFE,7665000
T00038,2026,KA,IFA,ALL,ALL,人寿业务规划,ALL,ALL,LIFE,2625000
T00039,2026,KA,ICLUB,ALL,ALL,人寿业务规划,ALL,ALL,LIFE,5460000
T00040,2026,MGA,TA,ALL,ALL,人寿业务规划,ALL,ALL,LIFE,0
T00041,2026,AGT,SLC,ALL,ALL,中台年业务目标,ALL,ALL,ALL,144750000
T00042,2026,AGT,GTD,ALL,ALL,中台年业务目标,ALL,ALL,ALL,52500000
T00043,2026,AGT,NGP,ALL,ALL,中台年业务目标,ALL,ALL,ALL,0
T00044,2026,BRK,BK,ALL,ALL,中台年业务目标,ALL,ALL,ALL,150000000
T00045,2026,BRK,BRK,ALL,ALL,中台年业务目标,ALL,ALL,ALL,120000000
T00046,2026,BRK,SLBRK,ALL,ALL,中台年业务目标,ALL,ALL,ALL,255000000
T00047,2026,KA,REF,ALL,ALL,中台年业务目标,ALL,ALL,ALL,54750000
T00048,2026,KA,IFA,ALL,ALL,中台年业务目标,ALL,ALL,ALL,18750000
T00049,2026,KA,ICLUB,ALL,ALL,中台年业务目标,ALL,ALL,ALL,39000000
T00050,2026,MGA,TA,ALL,ALL,中台年业务目标,ALL,ALL,ALL,0
T00051,202601,ALL,ALL,ALL,ALL,中台月业务目标,ALL,ALL,ALL,69500000
T00052,202602,ALL,ALL,ALL,ALL,中台月业务目标,ALL,ALL,ALL,69500000
T00053,202603,ALL,ALL,ALL,ALL,中台月业务目标,ALL,ALL,ALL,69500000
T00054,202604,ALL,ALL,ALL,ALL,中台月业务目标,ALL,ALL,ALL,69500000
T00055,202605,ALL,ALL,ALL,ALL,中台月业务目标,ALL,ALL,ALL,69500000
T00056,202606,ALL,ALL,ALL,ALL,中台月业务目标,ALL,ALL,ALL,69500000
T00057,202607,ALL,ALL,ALL,ALL,中台月业务目标,ALL,ALL,ALL,69500000
T00058,202608,ALL,ALL,ALL,ALL,中台月业务目标,ALL,ALL,ALL,69500000
T00059,202609,ALL,ALL,ALL,ALL,中台月业务目标,ALL,ALL,ALL,69500000
T00060,202610,ALL,ALL,ALL,ALL,中台月业务目标,ALL,ALL,ALL,69500000
T00061,202611,ALL,ALL,ALL,ALL,中台月业务目标,ALL,ALL,ALL,69500000
T00062,202612,ALL,ALL,ALL,ALL,中台月业务目标,ALL,ALL,ALL,69500000
